0.04089750867726497235,0.06130637985025699788,0.00402886359172667432,0.00088720386035075172,-0.00493907413966799668,-0.00197883913789465363,-0.06334373678863691737,0.00059418095814581348,0.01059299036936112506,0.02801423488336995254,-0.01714383114306211597,0.02311066198386263135,-0.04673068154053028334,-0.00811737044001353478,-0.03032517324595832356,-0.00352034418866735465,0.01328873258182605710,0.04234545203800526431,-0.02755393857038557562,0.06158203130162425570,0.03584868711566131794,-0.03042600486768830964,-0.00252570545765947157,0.02129678856489464894,-0.00000000000000000781,-0.00000000000000000003,0.02166164384086659289,-0.00787776272661239868,0.00875982201817124793,0.00229717049647941950,-0.00674222645538968823,-0.01669240018869732126,0.02941632414258134667,0.00928554656315002183,0.01791969453298513856,-0.02578143146508918987,-0.00000000000000000168,-0.00000000000000000048,-0.01302277411025487205,0.01177418950011165956,0.01409100712103225281,0.01620355861800394301,0.00182218439342561969,-0.00817712727526625181,-0.00390003875872568838,0.00193153985301026954,-0.00113852440807759529,0.00131200429108078867,-0.01346050527254296671,0.00640693889786860329,-0.02054621565148159051,-0.00306398661247589627,0.00316112671105405569,-0.00833432674202068575,-0.00715054170257538660,-0.01563435903296392024,-0.00388770740535651768,-0.01261238868884790622,0.00114399126422016400,0.00741295530065316354,-0.00309655577906957748,0.00026771513593014493
0.06130637985025699788,33.75161971076114042489,0.11104985278069649801,-0.00357871299037037767,-0.02744826074713303463,-0.01829207715958770797,1.19374158759194415325,0.35444751362752957569,-1.01154619866313399967,-0.00849120919822914447,0.33370785609155301232,-0.11909706662327296245,0.19600787315160597690,-0.01393832732184864705,0.21126920322951037168,-0.10034809462512654654,-0.06740316097263855666,0.61614229387842556207,-0.38987901796819651734,0.30702062768394106085,0.54755069882812423820,-0.13236475905170225209,0.02930730133483848074,0.48671621627412048339,-0.00000000000000084786,0.00000000000001547805,-0.07457749849355170546,0.41210927980441791618,0.65672993521704525755,0.30900571497662282505,0.00776504166636117661,-1.14593044810629285379,0.62840634120316163358,0.36385671161146387886,0.19591726840018477973,-0.71226427327249786092,0.00000000000000560632,0.00000000000000129272,-0.42699944794784894242,-0.35126312797384484643,-0.41841643676121953455,-0.15618565732019687453,0.21292135951670435046,0.12394003609686835010,0.44021802026888551262,-0.11474386025935294497,-0.30138805213677061223,-0.17853333750930350243,0.12757006827599629006,0.18921887025965081208,0.27889683790851776957,-0.03596922064073763275,-0.16001743528767359281,0.07457296293339719939,-0.17404612144137468488,0.15460086370888581619,-0.40774008041279119485,-0.39674061341527194768,-0.06797860555150153639,-0.03624455636832023264,0.03823886207175831997,-0.06930162678285911593
0.00402886359172667432,0.11104985278069649801,0.00847704595990387763,-0.00024920115469680620,-0.00019111355051480621,-0.00051923086526555146,0.00826632966434121853,-0.00261662856225553138,-0.00570473783803134276,0.04924528569844643933,-0.01071883864753694904,0.00999273745720776797,0.02008178458000047309,-0.00004849733482685799,0.02021269856436065313,0.01317637661855667122,-0.00351154652467249679,0.02029108855276728907,-0.01574995997323614186,0.01097474980388456374,0.02070555139206926853,-0.01200269714650808832,0.01066859398283227268,0.00623853335113028814,0.00000000000000013617,0.00000000000002785525,0.00151565790722778715,0.00052978805676967826,-0.00280826258356996596,0.00485415771159361260,0.00756675741028241169,0.00055698792109846790,-0.01085522570550565696,-0.00175966346052813848,-0.00611235211194931672,0.00349555186016166060,0.00000000000001041647,0.00000000000000190882,-0.00285596015885310455,0.00372254172071541075,-0.00122010343659216796,-0.00092550816750812848,0.00595980282333391682,0.01028946174261206360,0.00831573906551235156,-0.00651311576830984965,-0.01251643213399291667,-0.00003223818202873996,0.00177797970194771920,-0.00095463230004639091,-0.00062853096202035821,0.00016159833018687133,-0.00095193397619208655,0.00124216609427709877,-0.00108349475145210405,-0.00129893095329874485,0.00383752621228048742,0.00094689657462481813,-0.00134558274530993086,0.00074807424724392341,0.00026554838514217228,-0.00048183281144037108
0.00088720386035075172,-0.00357871299037037767,-0.00024920115469680620,0.00059318905889298526,-0.00047149307305946225,-0.00003034652623381654,-0.00361354503927472552,-0.00164517481500932425,0.00227093499803748171,0.00778821244322152641,-0.00729008746956079541,-0.00600629746269424475,-0.00605887101335880491,-0.00528366639075114521,-0.00712247259336214276,-0.00119852175973262504,-0.00586946746881296909,0.00088001341604963205,-0.00250705556311113390,0.00779911292622417242,0.00251353165570727087,0.00274878461899755394,0.00251864551495586822,0.00880689514573113064,-0.00000000000000007273,-0.00000000000000510173,0.00058254984806077018,-0.00042999625818201188,0.00180458945537045781,0.00009453110608964654,-0.00012167211126362289,-0.00108122307047405007,0.00221528484231106387,0.00054082578327723180,0.00101972354252682679,-0.00247685075373906731,-0.00000000000000202145,-0.00000000000000028572,-0.00195418718567507170,0.00116362308662664956,0.00106989955893199967,0.00281472641214016231,-0.00240618663638122966,0.00023060867115993000,0.00078502918045276939,-0.00061054098037349855,-0.00186325740876528909,0.00024510810363156141,-0.00028295056388994306,-0.00091666324060936735,0.00070573008339161914,-0.00031745342043911634,0.00054415121996357393,-0.00060600170490863754,-0.00040602165770657839,-0.00092433407434357217,-0.00101498281148429924,-0.00180390380663934444,0.00031994815543591790,-0.00033569221982626836,-0.00017913298061093938,0.00029204917421289168
-0.00493907413966799668,-0.02744826074713303463,-0.00019111355051480621,-0.00047149307305946225,0.00283781035070436753,-0.00036327909880900730,0.00141357904042082433,0.01374621331108480740,-0.00979753218676044334,0.00246306290006815783,0.00373376342927821342,-0.00521668162712076756,0.00060513983558799927,-0.00050618823357104811,0.01003993740065561857,-0.00216572675063160525,0.07458444830359385602,-0.00236134441682549732,0.00586699184581719428,-0.03133350167318798424,0.00579318666262631978,0.00320951680217915029,-0.05178714232695595665,-0.01427895949080141939,-0.00000000000000010356,-0.00000000000000183309,-0.00654742003281107241,0.00068783966492567516,-0.00416330355839895569,0.00123605109472217450,-0.00063280915609896082,0.00624558886713851708,-0.01040973154547210518,-0.00282040810771532488,-0.00452234433867002451,0.01140606626384714495,-0.00000000000000082417,-0.00000000000000027256,0.00396641078251717179,-0.00157726540555011585,-0.00079084661720713306,-0.00357473449552148234,0.00157218466095026795,-0.00053269674321215527,0.00545454493933181933,-0.00029645758959258783,-0.00207510121014880134,-0.00324352818585847778,0.00191493861859589774,0.00164739764119753961,0.00811716613153575829,0.00125705184517127273,-0.00057514167699061064,0.00220136325141823260,0.00111369671479427256,0.00333966999698787417,0.00162752719956207989,0.00768554679415434615,-0.00087102130665800740,-0.00246985897053481019,-0.00273137785151830997,0.00036644430152902815
-0.00197883913789465363,-0.01829207715958770797,-0.00051923086526555146,-0.00003034652623381654,-0.00036327909880900730,0.00086984337005210520,0.00092661449670873488,0.00345985417568935678,0.00549829800547866395,-0.01224665013412189543,0.00236349433563911573,0.00812378917851234832,0.00416626490063928389,-0.00126567289029196929,0.00808401552219814752,0.00034058977754233214,-0.00052353315189080350,-0.00136847050947227437,0.00109017247616556329,-0.00806004737261274695,-0.01030756267766656450,0.00245270280363479604,-0.00501290887508341020,-0.00733697754020475046,0.00000000000000020989,0.00000000000000208466,-0.00073318196108508084,0.00050651070576614361,0.00002760447960439942,0.00050140366730296775,0.00185121878079511624,0.00319768091859718015,0.00014426792550572927,-0.00059417737893779638,0.00107764953633493910,0.00026090487731559968,0.00000000000000086825,0.00000000000000014531,0.00202217773686573466,-0.00089107658144860690,-0.00173958876683087530,-0.00045681791919793477,-0.00091428985736327379,0.00050027896071991144,-0.00159903658156201650,0.00096405662013537830,0.00394597235036429645,0.00007519580705858907,0.00022481440768541314,-0.00281845449353313729,-0.00217673354884870621,-0.00005910430811907892,0.00052734570370747340,0.00053956199774130270,0.00026460028564216165,-0.00010164457823608443,0.00028114402242754673,-0.00016625731597287526,0.00040433112379465835,-0.00030519136330303594,0.00159922807273327064,0.00002402577559898466
-0.06334373678863691737,1.19374158759194415325,0.00826632966434121853,-0.00361354503927472552,0.00141357904042082433,0.00092661449670873488,7.01848793949215554733,-0.30228396151168096528,-0.32568694961135546961,-9.01292334699574837487,0.18099435294078328185,0.13739029317719969603,10.28005594263632538343,-0.16871805288163621572,-0.40551998197695460213,0.02179634718047245359,-0.38473011109348520531,-0.14867097284664412826,0.16215189170229052373,-0.14807150662936552354,-0.05251181102501646658,0.23015103448636745065,-0.31541783696231601164,0.08128004516617158559,-0.00000000000001008090,-0.00000000000014929933,-0.09369363851563808354,-0.09089440334922679887,-0.18293376575675218687,0.02379687615662499228,0.11538586293193547894,0.23724410420192995619,-0.36092632726833373535,-0.16733949419940039038,-0.37205392719041041616,0.32112111853496438929,-0.00000000000005596073,-0.00000000000000656968,-0.13749720224276248959,0.04898065041913934187,0.18304618117821436218,-0.04333903979111099897,-0.05055015904278804817,0.05281097287136150842,-0.06041787989405045939,-0.03372796046409966275,-0.05711511188100762415,0.05651113025072762586,0.15481212797781562784,0.15895988252802506491,0.19007409825251950219,0.03583692788181520872,-0.01251572571921511466,-0.03447327212171572702,0.01671487355226546415,0.06137311491589581697,-0.09363855932778014646,-0.15588123330241110409,-0.00191481423351370526,-0.03089299697520540497,0.02316230566548396763,0.01147718795357831334
0.00059418095814581348,0.35444751362752957569,-0.00261662856225553138,-0.00164517481500932425,0.01374621331108480740,0.00345985417568935678,-0.30228396151168096528,30.32563076204608520925,1.97584072913173458552,-0.79636603587507703850,-17.43552206831795814423,0.97949306365666144458,-0.04559426826354065487,-8.94070483914410374382,0.86047961518304150186,-0.03330295017807809871,-0.01120449453651657136,-0.07893404173219444042,-0.14120663165893379554,0.03339730914966431569,-0.10301734747572846573,-0.02189134690509650372,-0.04645149065434459046,-0.05359502466882347382,0.00000000000000502613,0.00000000000007126232,-0.11747020365645442774,0.04005812751684075662,-0.13820603129408071119,0.05957721254580461423,0.02126122735122829704,0.20452909085894904750,-0.24098103854494626330,-0.09537860896420477519,-0.14954662078185790297,0.25099550299527628727,0.00000000000001865281,0.00000000000000172861,0.21892177305568027990,-0.11271793186389646169,-0.11564791420624945251,-0.00659051051085118682,-0.02273920062170492126,-0.07728303758043715554,-0.03259810403210727098,0.04347874917094630975,0.07254170562865266958,-0.03562804780518323555,0.03340135558811304500,0.01375846571557014751,-0.06618097151710579384,0.01943084204350190719,0.03346772893769942026,-0.02407780564602577875,-0.01337930189973125447,0.03693584184057270570,0.12885632438469557526,-0.05034147935009517655,0.03226274634007703090,-0.01315327456324383304,0.01009295965833490946,-0.01242013071511132057
0.01059299036936112506,-1.01154619866313399967,-0.00570473783803134276,0.00227093499803748171,-0.00979753218676044334,0.00549829800547866395,-0.32568694961135546961,1.97584072913173458552,6.76014015038024851378,-0.20110673909792733949,-0.74971562461170482283,-10.13835671068452981558,-0.12421296956979695214,0.21401544920206175271,10.46387289569284639867,0.03847531413664210392,-0.03145130296455599800,0.02294922610797843140,0.06117655903952055191,0.02097233389015116037,0.23887914787790498483,-0.11225121860468276203,-0.02270068103972500834,0.17633940909065048963,-0.00000000000000075489,-0.00000000000016741745,0.01476197399780962427,-0.12840199457049200626,-0.13090383063193933300,0.11491198960679273322,0.06339041405876463808,0.26014740878172143423,-0.19965067655394511115,-0.11420860797808322917,-0.15435497826445226943,0.13917032483902913587,-0.00000000000006532074,-0.00000000000001047919,0.13098762963968435535,-0.07276401375469987443,-0.19648791056950923317,-0.08072621676306666882,0.00526518367652096565,-0.09560295894400780425,-0.01018156921557714090,0.05483085967591146137,0.09284302935746217844,-0.04415736645249109665,-0.03022212254344285032,-0.06714325789630254393,-0.27780081853461707775,0.00374285674560162094,-0.00392844426453277558,-0.01514054501566655317,0.03658540412539709047,0.03291325537306103582,0.04418090478217650413,-0.00739551689336378701,0.00796189409858020190,-0.02120116229708935915,-0.00568536311343948754,-0.00958152745629182317
0.02801423488336995254,-0.00849120919822914447,0.04924528569844643933,0.00778821244322152641,0.00246306290006815783,-0.01224665013412189543,-9.01292334699574837487,-0.79636603587507703850,-0.20110673909792733949,19.71078672815086463288,-0.65391982120744296392,-0.14731954887984280433,-16.42290413321522635215,0.25143041957975603706,0.38076603896406424621,0.12538289185292261774,1.04748967730703257395,-0.69334881454518371147,-0.12355893808941027789,-0.34416517854982858760,0.13517373269927854262,0.14778116596089962975,0.23755996057690448309,-0.44462802724837013901,-0.00000000000000223741,0.00000000000002433916,-0.10163554351635159523,0.23063649873605265861,0.19494416471715045325,-0.17395885154658458083,0.08082268227789440873,-0.22622673766892151259,0.14598461587524722005,0.05619729508503224641,-0.01379796382645173507,-0.14000413866512870231,0.00000000000000860041,0.00000000000000748697,-0.27887345140131347687,0.04311817566912881650,-0.17577944560706926236,-0.05238760642571066439,0.12468371877821930738,0.12584095322308253007,0.16579489302114935878,-0.06753865914042254948,-0.11598287861225123341,-0.00665971649377701622,0.03318948981673447429,-0.05567721929824580307,0.35936823401591971860,-0.08212924494987622337,0.02974966608250373401,-0.02970642417552315714,-0.06435556488524665775,0.02754140102595309392,-0.06096543321473656823,-0.13695866864927039308,-0.09677843958773307831,-0.05301926015501050998,-0.05019128607744562792,0.02502936855991806653
-0.01714383114306211597,0.33370785609155301232,-0.01071883864753694904,-0.00729008746956079541,0.00373376342927821342,0.00236349433563911573,0.18099435294078328185,-17.43552206831795814423,-0.74971562461170482283,-0.65391982120744296392,20.58037022397725834821,-1.35542614915479320281,0.16802098180725547061,-11.61161316156438338965,1.68881916328438208552,-0.00280225771757849993,-0.00454319734733364417,-0.44185873128201785809,-0.05400356776499874722,-0.07730629357502942500,-0.16218568260914792423,0.06620161707283038488,0.05300665793514992841,-0.19389577437112517910,0.00000000000000161827,-0.00000000000002293351,-0.03766736280242089646,-0.01836350498895963218,-0.00463125275562703987,0.00635849734387490192,0.03009966609222552991,0.06482198592255679348,0.01568012727889220304,0.00018741923169458911,0.06373418025753489757,-0.00460867137326513316,-0.00000000000000876100,-0.00000000000000137650,-0.01792001354441966413,0.03941710957938478199,0.10428927427985894283,0.03988479029389822156,-0.04712833043163312113,-0.07234265977604126263,-0.06173533147102744367,0.06356488047078893977,0.14918300375983284400,-0.00784194955449610612,-0.09079695866721351760,0.00854972444436590852,-0.00860370426136740363,0.00054221926968637960,-0.06310035039535422108,0.04115565882632392369,0.00300048791656903164,0.07680840590059734296,0.01031504177926739589,0.15932327648745914228,-0.01187291784383129843,0.01813620902814515323,-0.00525322417702847599,-0.01061678173617153567
0.02311066198386263135,-0.11909706662327296245,0.00999273745720776797,-0.00600629746269424475,-0.00521668162712076756,0.00812378917851234832,0.13739029317719969603,0.97949306365666144458,-10.13835671068452981558,-0.14731954887984280433,-1.35542614915479320281,21.43156218460106998691,-0.19401655670768225281,-0.17138839172589559467,-17.33849073839953902620,0.03622438381143687491,-0.20443994586355124232,-0.11627175767818707930,-0.13382289586259360492,-0.29634030908421260531,-0.01257564722788810999,0.13061986070791803405,0.12056433589836047793,-0.21061412737080764668,-0.00000000000000772043,-0.00000000000010666804,0.00403877554299441124,-0.17779011901153946029,-0.34665416495462142432,0.10533999799210269632,0.11537850848862306330,0.58898768931325606868,-0.54498593037227693880,-0.26529815339546980457,-0.38197105927341151732,0.47462936152457557704,-0.00000000000004151684,-0.00000000000001506746,0.08148135432821392021,-0.05121950383234439436,-0.17685659056278837942,0.06068940646985507975,0.00073292010445939585,-0.07391097717992087257,0.02018442620107856536,0.09116363786567163729,0.23294063478563614700,-0.10975025416285956459,-0.09234863970350645768,-0.02677299458155668263,-0.20778397671235462885,0.02134468270855304980,-0.00919349103727837985,0.03065513707416167230,-0.00272679843589445454,-0.03942735044930111704,0.09900658954884793139,0.08444099950542613420,-0.07320915293722858597,0.04899172941693291650,-0.00484684841485220810,-0.02026386657974241917
-0.04673068154053028334,0.19600787315160597690,0.02008178458000047309,-0.00605887101335880491,0.00060513983558799927,0.00416626490063928389,10.28005594263632538343,-0.04559426826354065487,-0.12421296956979695214,-16.42290413321522635215,0.16802098180725547061,-0.19401655670768225281,19.30051676326360521330,0.59885976651884109678,0.12228742767726809293,-0.23924852285886569203,0.11777454121345604099,-0.00613893323092113384,-0.03161672431601641325,-0.67794548521632191918,0.00398831823231267108,0.18452908012576929586,-0.28707969033022617822,-0.25061348996329962935,0.00000000000000004033,0.00000000000020333018,-0.13060046323261775836,-0.05896666225643495962,-0.04768410441913947112,0.06938866442308738725,0.06212874074339718583,0.10137498527122083825,-0.15692389735097184156,-0.08568865960052285402,-0.20491595325572029007,0.07340242032090925350,0.00000000000007626774,0.00000000000001828153,-0.20001642920350518051,0.19779355112163229946,0.33366150334742505912,-0.00772873030783313188,-0.02217612369052746057,-0.02248758962643473275,-0.06566592233662811584,-0.00207672625247292677,-0.02534554998242037616,0.02719453129539440087,0.00082315970831845972,0.10423918702510628909,-0.02565046822177702648,0.05747687384561472185,-0.02015816785942615291,-0.02522272347922009661,0.05696709658453500552,-0.11608774871301605347,0.02474073240356156403,0.05669000607205620934,0.02543628371317056824,0.01066744020909124804,-0.01590784526381632674,0.00323470373957534304
-0.00811737044001353478,-0.01393832732184864705,-0.00004849733482685799,-0.00528366639075114521,-0.00050618823357104811,-0.00126567289029196929,-0.16871805288163621572,-8.94070483914410374382,0.21401544920206175271,0.25143041957975603706,-11.61161316156438338965,-0.17138839172589559467,0.59885976651884109678,38.56660668339583253328,0.28467784579760818664,0.01454917710455322366,-0.06743182398635289010,0.12405963356987290136,0.00424602344590779921,0.12442454982401593422,0.10520031473591505422,-0.06182622125824637632,0.00146016776825212821,0.09184723724217762342,-0.00000000000000164082,-0.00000000000023543983,-0.00609003881467541728,-0.10362214752106510551,-0.12868464269023685564,0.05209201762260923935,-0.03255186934312057079,0.13866057692470687424,-0.11542219120356426998,-0.05111637120258340217,-0.05102636297502202711,0.10679675477175012976,-0.00000000000008276092,-0.00000000000002035781,0.11114922203857344196,-0.12283248540064969911,-0.16853673187120984944,-0.03056809881630926859,-0.03868791388962763977,-0.05988161843068402074,0.04699814337686758492,0.01406842664807053493,-0.01534130806128704803,-0.04896239400742413705,0.00018531671140895216,-0.00355141875997669982,-0.08718126158485092758,0.00605952428125186484,-0.03502160423235600728,0.01245487855519053846,0.01193940107571512220,0.07302782037131248793,-0.01153006766395063554,0.02155032394653919048,0.01559656939536518960,0.00551971928057613890,0.01963506836474041353,-0.00436213140169073015
-0.03032517324595832356,0.21126920322951037168,0.02021269856436065313,-0.00712247259336214276,0.01003993740065561857,0.00808401552219814752,-0.40551998197695460213,0.86047961518304150186,10.46387289569284639867,0.38076603896406424621,1.68881916328438208552,-17.33849073839953902620,0.12228742767726809293,0.28467784579760818664,19.52155939872571366323,-0.11152713713099260406,-0.30589898085732075694,0.42611612694139272550,0.00995342782296351931,-0.07056489379061835210,0.20881006370211660506,0.02266185599920083824,-0.03519748201625127332,0.06916104669390454873,-0.00000000000000779235,0.00000000000007123801,-0.04994534149207480178,-0.15713878888875995599,-0.32024275036920379911,0.07900455396522404472,0.03294624406706257724,0.32048070648595206045,-0.32101713365968287395,-0.13773721744146502632,-0.18617020323097141499,0.25840975888674055927,0.00000000000002523232,0.00000000000000717816,0.12772769560540256362,-0.16821867555119640603,-0.33656052820156756589,0.00035316810022203738,-0.06131559658956555608,-0.09149465757276821487,0.07202731317999493121,0.05422114742023743245,0.08701769270373041487,-0.10106978581889389246,0.03713488594984221125,-0.09852731705642453486,-0.12620920986184300250,0.01723739383141459011,-0.01348974409342939759,0.01509458119622679798,0.02652217046187313812,-0.02469627530972587012,0.01836638447062509741,-0.03140763819113446403,-0.00812097674943777596,-0.02881565226486294470,-0.01232792519985644042,-0.01241224650991383342
-0.00352034418866735465,-0.10034809462512654654,0.01317637661855667122,-0.00119852175973262504,-0.00216572675063160525,0.00034058977754233214,0.02179634718047245359,-0.03330295017807809871,0.03847531413664210392,0.12538289185292261774,-0.00280225771757849993,0.03622438381143687491,-0.23924852285886569203,0.01454917710455322366,-0.11152713713099260406,2.18383538819401312736,-2.39866584826657902596,0.82046568662996099963,-2.24602448741511473429,1.76958958713364000737,0.32578756154632493303,6.92117161121196122764,1.34653142151887728062,0.16474744420356848829,0.00000000000000446360,0.00000000000014445381,0.11664242364187060730,-0.08060385751477640304,0.04758030743630801973,0.10796408903351485675,0.03908361193717656279,-0.07683379218634479868,0.08378082865382868727,0.04281313292606397231,0.07962048671314854442,-0.09027836021057011884,0.00000000000005704940,0.00000000000000601857,0.11895333269082963845,-0.03272214856100730263,-0.08033579093295592499,-0.07527864919519082487,0.09142981954911717779,-0.02142836606678722236,-0.03212987173415348535,0.00650764486585818196,0.00287300459590567785,0.02365526965413716765,0.02887554743047288097,-0.03531279265228363939,-0.07493404863205707644,-0.00162001719570617378,-0.03472307801834623869,0.02865963959362705094,0.00902604276717378085,0.02257700774354905876,0.01195699514417082610,0.01408309273485095978,-0.00764731063424546609,-0.00007427004005267073,-0.02668696574722121892,-0.00282729059456516066
0.01328873258182605710,-0.06740316097263855666,-0.00351154652467249679,-0.00586946746881296909,0.07458444830359385602,-0.00052353315189080350,-0.38473011109348520531,-0.01120449453651657136,-0.03145130296455599800,1.04748967730703257395,-0.00454319734733364417,-0.20443994586355124232,0.11777454121345604099,-0.06743182398635289010,-0.30589898085732075694,-2.39866584826657902596,29.93744463990435988876,-4.04062341396084523382,-1.11821220135504906246,-16.30878082125623862453,-2.68414525129792025382,1.68157607231731076602,-8.62614982149752407281,-1.74081304378639534214,0.00000000000000674022,0.00000000000019154702,-0.07881039052978255910,-0.12224224762628117802,-0.00311824210343642112,0.14806945904009793935,0.00063182834014786980,0.10612759086578958667,-0.17854828282734075406,-0.06391762754016885872,-0.12990833910450408362,0.15175374088813184392,0.00000000000006933244,0.00000000000001601672,0.05342290948860074773,-0.01555354110463123482,-0.04711078190421934264,-0.01346910556038719356,-0.01335412303175174085,-0.12685977193778755212,-0.04020812123189988763,0.05567644672299988662,0.06572657913872868851,-0.00835872729303791841,0.01514640734078162923,0.00999816811376519864,0.00845888895603043311,0.01807722298186725460,-0.00999935631536830009,-0.01483490519113181590,-0.02211490024724097406,0.03109898307245648197,-0.00854192115365725625,0.14692202397589884666,0.03069630624651814230,-0.03626721101623044119,0.00147990430933491856,0.01129847469476605651
0.04234545203800526431,0.61614229387842556207,0.02029108855276728907,0.00088001341604963205,-0.00236134441682549732,-0.00136847050947227437,-0.14867097284664412826,-0.07893404173219444042,0.02294922610797843140,-0.69334881454518371147,-0.44185873128201785809,-0.11627175767818707930,-0.00613893323092113384,0.12405963356987290136,0.42611612694139272550,0.82046568662996099963,-4.04062341396084523382,4.88202960462998447611,-0.31641669819249834683,3.33064894531110233800,0.29525292121940216461,0.79287838686431177937,-1.39801922597366834466,6.48322800516357489187,0.00000000000001842902,0.00000000000030740178,0.07896902233543058591,0.23536761586121393575,0.11324759348461745090,-0.03890579193192304774,-0.03382054853498228653,-0.19233302634460142100,0.34688148162520521245,0.14360296704845620930,0.33299034683308642579,-0.26992079828105419725,0.00000000000012152745,0.00000000000002847700,0.01473554979092763818,0.24734901068277412306,0.13950454081045021715,0.30172331460361351274,-0.04840813571875336035,-0.03102259132400533859,0.16295101051106802847,-0.04743543817520566586,-0.20575885498814860952,-0.04443111070380184602,0.07287657444414469277,-0.04835476755460441783,-0.02420635896990811983,0.04786780552735826755,0.01171183032625735566,-0.02773863697418324503,0.01107187307012705117,0.04672418267979581985,0.01083895650227127867,0.07904250434991733076,0.01910571292105412572,-0.01459273077340726352,-0.00931269448889272128,0.00110598531835013236
-0.02755393857038557562,-0.38987901796819651734,-0.01574995997323614186,-0.00250705556311113390,0.00586699184581719428,0.00109017247616556329,0.16215189170229052373,-0.14120663165893379554,0.06117655903952055191,-0.12355893808941027789,-0.05400356776499874722,-0.13382289586259360492,-0.03161672431601641325,0.00424602344590779921,0.00995342782296351931,-2.24602448741511473429,-1.11821220135504906246,-0.31641669819249834683,5.31849494849400628027,-0.53314040112294225349,0.58772869508259240057,-13.25488713446542021757,0.53150880944833933661,-0.44134779425717757251,-0.00000000000000776323,-0.00000000000029490709,0.03260825878381344578,-0.01587221452549678058,-0.02545763425501817653,-0.00097468678548377232,0.04366377929851466416,-0.01558312445573957136,-0.08198151732076076892,-0.00332380506111393378,-0.03242287457670298828,0.06912826902684748864,-0.00000000000010730456,-0.00000000000001879045,0.00451824572329360529,-0.01569098838340567126,-0.05848709602863955137,-0.01736257883526387200,0.04819285751223097158,0.00269832037568937949,0.00127341607294759792,0.01100749676907441382,0.03779375845411853813,-0.02214235694280430183,0.01035468382304499148,0.03836766370352934219,0.02130276592389949292,-0.00163176475472313984,-0.01458264772895264544,0.00430047919559664159,-0.00408435520037437379,-0.00044892535130146847,-0.03460012762983811357,-0.04769149073768910035,-0.00161452160625451106,0.00160537114134500013,0.00615777937472164385,-0.00411041925090920284
0.06158203130162425570,0.30702062768394106085,0.01097474980388456374,0.00779911292622417242,-0.03133350167318798424,-0.00806004737261274695,-0.14807150662936552354,0.03339730914966431569,0.02097233389015116037,-0.34416517854982858760,-0.07730629357502942500,-0.29634030908421260531,-0.67794548521632191918,0.12442454982401593422,-0.07056489379061835210,1.76958958713364000737,-16.30878082125623862453,3.33064894531110233800,-0.53314040112294225349,18.32148325021396217949,5.39781899899265393827,1.86049335858491082796,-11.25387550353408272485,-2.43852207393204212238,-0.00000000000000206484,-0.00000000000001031515,0.15300348059261414946,-0.03099986556852927372,0.03001965352338760787,-0.00843655375208111034,0.00301565948326122830,-0.18561871057078879743,0.15307665765872557895,0.07690545401116227753,0.09627254871986012930,-0.15431488211399208010,-0.00000000000000686933,-0.00000000000000227917,0.01762186461537621276,0.03562786781651536283,0.01527536956757233159,-0.07004867969499539715,0.13453506480685573088,0.00543861274850090254,0.04130479064149634311,-0.00926175495100727345,-0.02839496956430469926,-0.01206484316629299891,-0.01442601890008510072,0.00845680852544129259,-0.00451177443385485880,-0.02083939950017290113,0.00407382200756144577,-0.00148100770656099429,-0.00446646529350956754,0.02090043228472886899,0.02400780809617384173,0.00543834329987735645,0.00446257676974055016,0.01140716069259136052,-0.00805144034391679086,0.01291616957731054650
0.03584868711566131794,0.54755069882812423820,0.02070555139206926853,0.00251353165570727087,0.00579318666262631978,-0.01030756267766656450,-0.05251181102501646658,-0.10301734747572846573,0.23887914787790498483,0.13517373269927854262,-0.16218568260914792423,-0.01257564722788810999,0.00398831823231267108,0.10520031473591505422,0.20881006370211660506,0.32578756154632493303,-2.68414525129792025382,0.29525292121940216461,0.58772869508259240057,5.39781899899265393827,7.53282168679747687889,-0.56977919948475652667,-1.78823357976377850242,-12.36692875146875003622,-0.00000000000001161975,-0.00000000000031606434,0.04205672470770396854,0.03915406905710888674,0.05661017704087831226,0.07398324968033639926,0.01771544487063073797,-0.14195893161514480663,0.08942715032248635398,0.07824372157263893846,0.13994551239679334231,-0.10308375522664389723,-0.00000000000011774062,-0.00000000000002068991,0.07205884593655555170,0.19100817357500493587,0.08956115747982952568,0.09528745224043931594,0.03330823800771097465,-0.13476491701629686459,0.07172386112450386542,0.00810311214679752985,-0.11420259481455348471,-0.04597452522598382413,0.04263255473834607484,-0.03655686179926657953,-0.12262559090267823037,0.01815443702959489147,-0.03232767055723992367,0.00248751666028169125,0.00981666082359870795,0.07459632584210880435,0.06268663516113469336,0.08706993201856254305,0.01450644294624254572,-0.01443204312969799397,-0.00444045813301289626,0.00998548414506013511
-0.03042600486768830964,-0.13236475905170225209,-0.01200269714650808832,0.00274878461899755394,0.00320951680217915029,0.00245270280363479604,0.23015103448636745065,-0.02189134690509650372,-0.11225121860468276203,0.14778116596089962975,0.06620161707283038488,0.13061986070791803405,0.18452908012576929586,-0.06182622125824637632,0.02266185599920083824,6.92117161121196122764,1.68157607231731076602,0.79287838686431177937,-13.25488713446542021757,1.86049335858491082796,-0.56977919948475652667,37.99228313684368885106,0.95150988453003038092,-0.22747923269134709412,0.00000000000000311396,0.00000000000011294470,0.01634665225133795710,0.03067185771943960887,0.08986679225009716609,-0.00060813153491859426,0.02410318765911826505,-0.08511056814768863665,0.15409206107663875329,0.06933680958993120036,0.16868757526953420678,-0.18821955361272788010,0.00000000000002735744,0.00000000000000444312,0.01517517638810121292,-0.02928863089908765455,0.00925928880147138325,-0.13880057178607485557,-0.00239548363354729526,-0.02288262080219813366,0.03161091893700509331,0.00067099152436674535,-0.02166330758830815537,-0.01057020288774221904,-0.00733264268489699795,0.04705983270985358152,0.02173141330359679504,-0.01483183376197096982,0.01071550109566517424,-0.01095126673182425688,0.00545205978445441157,-0.02628335384677532582,-0.03405140822878306023,0.00374509824476594502,-0.01393378878656332219,-0.02376333797182707264,-0.02147961425496221557,0.01154990794653111205
-0.00252570545765947157,0.02930730133483848074,0.01066859398283227268,0.00251864551495586822,-0.05178714232695595665,-0.00501290887508341020,-0.31541783696231601164,-0.04645149065434459046,-0.02270068103972500834,0.23755996057690448309,0.05300665793514992841,0.12056433589836047793,-0.28707969033022617822,0.00146016776825212821,-0.03519748201625127332,1.34653142151887728062,-8.62614982149752407281,-1.39801922597366834466,0.53150880944833933661,-11.25387550353408272485,-1.78823357976377850242,0.95150988453003038092,38.78493638469313964379,-1.70789106231728005092,-0.00000000000000415690,-0.00000000000050766810,0.02168496086890739361,-0.01428672041647095423,-0.02629645329559984757,-0.02569152584911324477,-0.02748514904752574414,-0.09079671355048987702,0.02414036512727148892,0.02383908018856296246,-0.00258949440688234543,-0.06133145935143339417,-0.00000000000019299773,-0.00000000000004241509,0.06713255522463172642,0.00986529966936661173,-0.03950503616129687201,-0.06540319474724354265,0.04861020849191766829,-0.04099006543347411685,0.04271758473617208451,0.00970587423931653336,-0.01126534207363997717,-0.03030333015304296704,0.02200487292861212640,0.01221849236623586896,-0.03474435550282209406,-0.00242265872741732674,-0.04454991033183659799,0.02184514528312127279,0.02664116448381500038,0.02911836211803851826,0.00319916490323120858,-0.04690090228866037464,0.01511319571987836292,0.00063501693608270958,0.00572577037845485408,0.00238591042942867771
0.02129678856489464894,0.48671621627412048339,0.00623853335113028814,0.00880689514573113064,-0.01427895949080141939,-0.00733697754020475046,0.08128004516617158559,-0.05359502466882347382,0.17633940909065048963,-0.44462802724837013901,-0.19389577437112517910,-0.21061412737080764668,-0.25061348996329962935,0.09184723724217762342,0.06916104669390454873,0.16474744420356848829,-1.74081304378639534214,6.48322800516357489187,-0.44134779425717757251,-2.43852207393204212238,-12.36692875146875003622,-0.22747923269134709412,-1.70789106231728005092,38.27255875656353367731,0.00000000000000222652,0.00000000000021310459,0.10823781317534671154,0.02044761155735384112,0.06163661070793587798,-0.00735651362306014370,0.01240287541347582546,-0.11219498846106674972,0.10039248320573973539,0.05221120765175636669,0.07764728053337822955,-0.06883823268623728842,0.00000000000007682479,0.00000000000001928470,-0.06205375890742520495,0.07683966788667971615,0.06217203550586593991,0.02117721391109641041,0.08559409736688226855,-0.01434967291484742433,0.01636123008885601721,-0.01170658827337443808,-0.05528205249809563238,-0.00194207105737542740,-0.00825071340674103822,-0.02681351558340680855,-0.04993351476599405120,-0.01465385278725286552,0.01599002454633431658,-0.00727765305376613762,0.00656059576600272719,0.02014175135123593210,0.02390514853466470940,0.01538273945763525899,-0.01526248060874851528,0.00503176069212434973,-0.00729797359907723934,0.01339445826995538588
-0.00000000000000000781,-0.00000000000000084786,0.00000000000000013617,-0.00000000000000007273,-0.00000000000000010356,0.00000000000000020989,-0.00000000000001008090,0.00000000000000502613,-0.00000000000000075489,-0.00000000000000223741,0.00000000000000161827,-0.00000000000000772043,0.00000000000000004033,-0.00000000000000164082,-0.00000000000000779235,0.00000000000000446360,0.00000000000000674022,0.00000000000001842902,-0.00000000000000776323,-0.00000000000000206484,-0.00000000000001161975,0.00000000000000311396,-0.00000000000000415690,0.00000000000000222652,44.66970518449469551570,0.00000000000001223154,-0.00000000000000535093,0.00000000000000508425,-0.00000000000000053823,0.00000000000000420051,0.00000000000000470206,0.00000000000000429662,-0.00000000000001025080,0.00000000000001026322,-0.00000000000000588164,0.00000000000000990066,-0.00000000000000843769,-0.00000000000001423514,0.00000000000000801222,0.00000000000000122023,-0.00000000000000095913,0.00000000000000503929,-0.00000000000000226085,0.00000000000001159049,-0.00000000000002030218,-0.00000000000004201073,-0.00000000000000850204,0.00000000000001363943,0.00000000000000646504,0.00000000000000719301,0.00000000000000148140,0.00000000000000250445,-0.00000000000000041861,0.00000000000000036622,0.00000000000000120431,0.00000000000000567732,0.00000000000000109958,-0.00000000000000545788,0.00000000000000271484,-0.00000000000000069198,0.00000000000000425758,0.00000000000000025916
-0.00000000000000000003,0.00000000000001547805,0.00000000000002785525,-0.00000000000000510173,-0.00000000000000183309,0.00000000000000208466,-0.00000000000014929933,0.00000000000007126232,-0.00000000000016741745,0.00000000000002433916,-0.00000000000002293351,-0.00000000000010666804,0.00000000000020333018,-0.00000000000023543983,0.00000000000007123801,0.00000000000014445381,0.00000000000019154702,0.00000000000030740178,-0.00000000000029490709,-0.00000000000001031515,-0.00000000000031606434,0.00000000000011294470,-0.00000000000050766810,0.00000000000021310459,0.00000000000001223154,44.66970518449281257745,-0.00000000000000113791,0.00000000000000641939,-0.00000000000003015097,0.00000000000006705332,0.00000000000017224433,-0.00000000000020810434,-0.00000000000021158259,0.00000000000013486322,0.00000000000001526789,0.00000000000011866050,0.00000000000000756339,0.00000000000000079477,-0.00000000000015186574,-0.00000000000002758859,0.00000000000015211570,-0.00000000000014642122,0.00000000000010649511,0.00000000000062868241,-0.00000000000088114310,-0.00000000000063873300,-0.00000000000063498142,0.00000000000087364314,0.00000000000011676570,-0.00000000000019527155,0.00000000000001691470,-0.00000000000001291484,-0.00000000000010163652,0.00000000000015846363,0.00000000000003761274,0.00000000000008293708,0.00000000000024375600,-0.00000000000006493960,-0.00000000000001354362,0.00000000000001236641,0.00000000000000225703,0.00000000000000152787
0.02166164384086659289,-0.07457749849355170546,0.00151565790722778715,0.00058254984806077018,-0.00654742003281107241,-0.00073318196108508084,-0.09369363851563808354,-0.11747020365645442774,0.01476197399780962427,-0.10163554351635159523,-0.03766736280242089646,0.00403877554299441124,-0.13060046323261775836,-0.00609003881467541728,-0.04994534149207480178,0.11664242364187060730,-0.07881039052978255910,0.07896902233543058591,0.03260825878381344578,0.15300348059261414946,0.04205672470770396854,0.01634665225133795710,0.02168496086890739361,0.10823781317534671154,-0.00000000000000535093,-0.00000000000000113791,0.24636270715090055616,-0.02482027376094033885,0.12238741555475080025,0.02147199273117677068,-0.00575038924475811900,-0.30253544595436387965,0.30460599666542925723,0.16268581652998664877,0.29103990993072853533,-0.30923887717286985266,-0.00000000000000107853,0.00000000000000070947,0.04549017336643700754,-0.00069686502435398960,-0.07935402467658299319,0.01849227463246793518,0.05282861787145241850,-0.02506495800337558977,-0.06493782094538190497,0.01827156838381492968,0.04149394540112035651,0.02315749177892704319,-0.00304562914907907699,-0.01451446576518922518,-0.06479854263807338643,-0.00015247795331314708,-0.00753269713796739324,-0.00984400505473439352,0.00286298427017813318,-0.00551755632503291276,-0.02365658234513759797,-0.01310377010880431001,0.01585001566103666493,0.00793315611381694569,-0.01521819680506134378,0.00221941011932940855
-0.00787776272661239868,0.41210927980441791618,0.00052978805676967826,-0.00042999625818201188,0.00068783966492567516,0.00050651070576614361,-0.09089440334922679887,0.04005812751684075662,-0.12840199457049200626,0.23063649873605265861,-0.01836350498895963218,-0.17779011901153946029,-0.05896666225643495962,-0.10362214752106510551,-0.15713878888875995599,-0.08060385751477640304,-0.12224224762628117802,0.23536761586121393575,-0.01587221452549678058,-0.03099986556852927372,0.03915406905710888674,0.03067185771943960887,-0.01428672041647095423,0.02044761155735384112,0.00000000000000508425,0.00000000000000641939,-0.02482027376094033885,0.27622735770635198360,0.19526878823223031700,-0.07539527170754720120,0.02740758744394683477,-0.24310115271278431859,0.31776210143514349582,0.14436446660070034742,0.28505713085867245837,-0.27393691178786289120,-0.00000000000000380887,0.00000000000000317462,-0.01069903591414113168,0.02993136141807242745,0.05086917460841981764,-0.00239998034309901048,-0.02420112299122497215,0.01007816539785759934,0.00492977385810892694,-0.02226049429757501891,-0.06597376294687297416,0.01325750739039971426,0.00911338408508397153,0.01648591021809378901,0.01462042398517947317,0.00501615336159482589,0.01449365263182850888,-0.01112500692292776698,0.00184858949311641368,0.02407761379756798853,-0.01155295171631308578,0.00745492260237316188,0.01237122240898480031,-0.00426294716734821558,0.00126493500339141130,0.00084457367440719702
0.00875982201817124793,0.65672993521704525755,-0.00280826258356996596,0.00180458945537045781,-0.00416330355839895569,0.00002760447960439942,-0.18293376575675218687,-0.13820603129408071119,-0.13090383063193933300,0.19494416471715045325,-0.00463125275562703987,-0.34665416495462142432,-0.04768410441913947112,-0.12868464269023685564,-0.32024275036920379911,0.04758030743630801973,-0.00311824210343642112,0.11324759348461745090,-0.02545763425501817653,0.03001965352338760787,0.05661017704087831226,0.08986679225009716609,-0.02629645329559984757,0.06163661070793587798,-0.00000000000000053823,-0.00000000000003015097,0.12238741555475080025,0.19526878823223031700,0.42592988673049836379,-0.00348709707838303464,-0.02039760164429083727,-0.57196452002913711343,0.66376876223263880927,0.31988865178720693461,0.59829246734892449489,-0.63152264029301841131,-0.00000000000001104157,-0.00000000000000235236,-0.00035914787364987703,0.05992908641573186507,0.03291997160681649909,-0.02723270094041516445,0.03537543885334020616,0.02079848278422588917,-0.05275820648511227173,-0.01674011765912260599,-0.03159174286193267706,0.04905557727051806233,-0.01748126446375391010,-0.00972880979535631178,-0.03005519380503600055,-0.01082628480662689227,0.00023159799413329863,-0.00325611028941197008,0.00881928725321962093,-0.00082478092343281394,-0.01736301407889521975,0.02798964182760185423,0.02231417583514597527,-0.01296401618971164231,-0.00946157650554674962,0.01203559252404319373
0.00229717049647941950,0.30900571497662282505,0.00485415771159361260,0.00009453110608964654,0.00123605109472217450,0.00050140366730296775,0.02379687615662499228,0.05957721254580461423,0.11491198960679273322,-0.17395885154658458083,0.00635849734387490192,0.10533999799210269632,0.06938866442308738725,0.05209201762260923935,0.07900455396522404472,0.10796408903351485675,0.14806945904009793935,-0.03890579193192304774,-0.00097468678548377232,-0.00843655375208111034,0.07398324968033639926,-0.00060813153491859426,-0.02569152584911324477,-0.00735651362306014370,0.00000000000000420051,0.00000000000006705332,0.02147199273117677068,-0.07539527170754720120,-0.00348709707838303464,0.22339692204540340104,0.12960560579687094296,0.10963264218667483074,-0.13265260090349384470,-0.05695521965115818430,-0.09926759981900326602,0.10944674199581974627,0.00000000000003132362,0.00000000000000114603,0.08573047359494509467,-0.00001453593460708684,-0.02028381595119258321,0.00055158180808103524,0.02217115260290509690,-0.02305468692270032718,-0.01236481819704881614,0.01823852227986826752,0.03935915251410733451,-0.00595276941800454169,0.01742273460322004558,-0.03019509355941757747,-0.02594800958094419310,0.00448235967416407352,-0.01282759591932963912,0.00691862104775026621,0.00230151231328833876,0.01855377511318485884,0.01488702146368420590,-0.01480226680640378024,0.00884331866635851456,-0.00516737011952298451,-0.01340200320537730111,0.00851974617941755885
-0.00674222645538968823,0.00776504166636117661,0.00756675741028241169,-0.00012167211126362289,-0.00063280915609896082,0.00185121878079511624,0.11538586293193547894,0.02126122735122829704,0.06339041405876463808,0.08082268227789440873,0.03009966609222552991,0.11537850848862306330,0.06212874074339718583,-0.03255186934312057079,0.03294624406706257724,0.03908361193717656279,0.00063182834014786980,-0.03382054853498228653,0.04366377929851466416,0.00301565948326122830,0.01771544487063073797,0.02410318765911826505,-0.02748514904752574414,0.01240287541347582546,0.00000000000000470206,0.00000000000017224433,-0.00575038924475811900,0.02740758744394683477,-0.02039760164429083727,0.12960560579687094296,0.24942690296871458666,0.09716182947112336765,-0.15120690016318824589,-0.05722121335230746786,-0.11418690600204817187,0.14654459639028638573,0.00000000000007412583,0.00000000000001671313,0.00037843143578750725,-0.01551137534056554364,0.00489571194339116170,-0.02726973041263329803,-0.01403412646435214101,-0.00689155153118595643,-0.02125497112286422324,-0.00110961296999623183,-0.01010155208717511584,0.01730091043275197235,0.00551463247244890400,-0.01497898461654358256,0.00575699978451714271,-0.00558429493785226640,0.00297519946358593308,0.00659334820820781445,0.00035558538860956109,0.00597521106421582734,0.00299582244142533767,-0.03131431009976166913,-0.00183217766222604542,-0.01277865922772870692,-0.01151079108956311499,0.00960066216808601672
-0.01669240018869732126,-1.14593044810629285379,0.00055698792109846790,-0.00108122307047405007,0.00624558886713851708,0.00319768091859718015,0.23724410420192995619,0.20452909085894904750,0.26014740878172143423,-0.22622673766892151259,0.06482198592255679348,0.58898768931325606868,0.10137498527122083825,0.13866057692470687424,0.32048070648595206045,-0.07683379218634479868,0.10612759086578958667,-0.19233302634460142100,-0.01558312445573957136,-0.18561871057078879743,-0.14195893161514480663,-0.08511056814768863665,-0.09079671355048987702,-0.11219498846106674972,0.00000000000000429662,-0.00000000000020810434,-0.30253544595436387965,-0.24310115271278431859,-0.57196452002913711343,0.10963264218667483074,0.09716182947112336765,14.38690538447788114240,9.15879266645640655042,4.17469169302884868245,-14.19263850100495183426,-9.23702223026130120331,-0.00000000000008673894,-0.00000000000001815896,-0.00869640698488648514,-0.06150601816331582872,0.03750550040281663139,0.05897487903786211016,-0.09068777016580452377,-0.03215438490345353534,0.11679306296352806593,0.01952553441158756328,0.02521431584213773211,-0.08346185508228434746,0.03809653504851844702,-0.03113437636303309150,-0.00080423578085745231,0.01511967618312430421,0.00105749573292423485,0.00191589682175443885,-0.01086740010647152532,0.01449268175733987342,0.06173563255583775639,-0.04375567291247010882,-0.02444395213174797160,0.00558784252267945265,0.01947249154229221263,-0.01146312701327077514
0.02941632414258134667,0.62840634120316163358,-0.01085522570550565696,0.00221528484231106387,-0.01040973154547210518,0.00014426792550572927,-0.36092632726833373535,-0.24098103854494626330,-0.19965067655394511115,0.14598461587524722005,0.01568012727889220304,-0.54498593037227693880,-0.15692389735097184156,-0.11542219120356426998,-0.32101713365968287395,0.08378082865382868727,-0.17854828282734075406,0.34688148162520521245,-0.08198151732076076892,0.15307665765872557895,0.08942715032248635398,0.15409206107663875329,0.02414036512727148892,0.10039248320573973539,-0.00000000000001025080,-0.00000000000021158259,0.30460599666542925723,0.31776210143514349582,0.66376876223263880927,-0.13265260090349384470,-0.15120690016318824589,9.15879266645640655042,12.08516576229927785846,-4.94983093014875219495,-8.97809966369275791465,-11.88829124065176934266,-0.00000000000008243737,-0.00000000000001971586,0.02818855134115268515,0.11014775244909519314,0.02884324814901654405,-0.00042733296149942321,0.07087083906644964237,-0.00270064036956671125,-0.10617021717280138160,-0.00895527350090322138,-0.02371796452107811232,0.07862286359030795646,-0.02705225826793022231,-0.03532051984096457042,-0.12233644498902233877,-0.01316598647562409845,0.00168921392075663821,-0.01174396858923991253,0.01268143910775183444,-0.02218038949570604393,-0.02720828686694237372,0.06527077407981453361,0.04316328505548144845,-0.00420802663320232317,-0.02098874791350417018,0.00711129374193605543
0.00928554656315002183,0.36385671161146387886,-0.00175966346052813848,0.00054082578327723180,-0.00282040810771532488,-0.00059417737893779638,-0.16733949419940039038,-0.09537860896420477519,-0.11420860797808322917,0.05619729508503224641,0.00018741923169458911,-0.26529815339546980457,-0.08568865960052285402,-0.05111637120258340217,-0.13773721744146502632,0.04281313292606397231,-0.06391762754016885872,0.14360296704845620930,-0.00332380506111393378,0.07690545401116227753,0.07824372157263893846,0.06933680958993120036,0.02383908018856296246,0.05221120765175636669,0.00000000000001026322,0.00000000000013486322,0.16268581652998664877,0.14436446660070034742,0.31988865178720693461,-0.05695521965115818430,-0.05722121335230746786,4.17469169302884868245,-4.94983093014875219495,42.27519400133754601256,-4.58738538475694923591,4.97790644996830167202,0.00000000000006000230,0.00000000000000444621,0.00841349837569200197,0.03078954318162674397,-0.01729075901059574580,-0.02253591624455169792,0.04261151022510720893,0.01091926091769497911,-0.04918433915324985778,-0.00769373225860143714,-0.01137157183998011890,0.03409795639889309088,-0.02126270006900467247,0.00930910398184921738,-0.03006678200231800019,-0.00507657151766430833,-0.00011063853656912170,-0.00399089827243278433,0.00562603082828016122,-0.00570038483411453890,-0.02252803181261812948,0.03470122741631968821,0.01802796419767284039,-0.00299545705634580170,-0.00769386701714670340,0.00480148089410395440
0.01791969453298513856,0.19591726840018477973,-0.00611235211194931672,0.00101972354252682679,-0.00452234433867002451,0.00107764953633493910,-0.37205392719041041616,-0.14954662078185790297,-0.15435497826445226943,-0.01379796382645173507,0.06373418025753489757,-0.38197105927341151732,-0.20491595325572029007,-0.05102636297502202711,-0.18617020323097141499,0.07962048671314854442,-0.12990833910450408362,0.33299034683308642579,-0.03242287457670298828,0.09627254871986012930,0.13994551239679334231,0.16868757526953420678,-0.00258949440688234543,0.07764728053337822955,-0.00000000000000588164,0.00000000000001526789,0.29103990993072853533,0.28505713085867245837,0.59829246734892449489,-0.09926759981900326602,-0.11418690600204817187,-14.19263850100495183426,-8.97809966369275791465,-4.58738538475694923591,14.47533813538837677015,9.00469014079902230208,0.00000000000000030086,0.00000000000000336853,0.02117722488175411213,0.05326689510852267856,-0.02290949697158272194,-0.02059244777838635868,0.06345639350460646755,0.00723931616193396014,-0.06367258886857961320,-0.00897534482773719965,-0.01804470109616956169,0.04261985164565926243,-0.03859858084249697535,-0.00002591847314133253,-0.11263436347931729542,-0.00380743605092706680,0.00066612412661587028,-0.01274488348438051859,0.00989361087396625934,-0.00693083338346197914,-0.01952744909052733790,0.08060440744457247897,0.04155186993740207085,-0.00521429692154111446,-0.00890806083932964635,0.00613377011421476284
-0.02578143146508918987,-0.71226427327249786092,0.00349555186016166060,-0.00247685075373906731,0.01140606626384714495,0.00026090487731559968,0.32112111853496438929,0.25099550299527628727,0.13917032483902913587,-0.14000413866512870231,-0.00460867137326513316,0.47462936152457557704,0.07340242032090925350,0.10679675477175012976,0.25840975888674055927,-0.09027836021057011884,0.15175374088813184392,-0.26992079828105419725,0.06912826902684748864,-0.15431488211399208010,-0.10308375522664389723,-0.18821955361272788010,-0.06133145935143339417,-0.06883823268623728842,0.00000000000000990066,0.00000000000011866050,-0.30923887717286985266,-0.27393691178786289120,-0.63152264029301841131,0.10944674199581974627,0.14654459639028638573,-9.23702223026130120331,-11.88829124065176934266,4.97790644996830167202,9.00469014079902230208,11.94419966570522895211,0.00000000000005530369,0.00000000000001306651,0.00382155157988833555,-0.07087848419879468065,0.01116329699690898555,-0.00913929213765874576,-0.04123270925020335043,-0.01940879135672234426,0.09329733011125024289,0.02369840289561119320,0.05325896603096658827,-0.07906096830249663421,0.02840337201775546688,0.01823997671399851805,0.10722339562841268212,0.01069086457482549407,0.00720899839154339611,0.01463194754604575307,-0.01318616266588619468,0.01223331352359241508,0.00778249969695508480,-0.03964353184505677030,-0.03862202991170260447,0.00251014441519812909,0.01533755120305969541,-0.00785091498288979263
-0.00000000000000000168,0.00000000000000560632,0.00000000000001041647,-0.00000000000000202145,-0.00000000000000082417,0.00000000000000086825,-0.00000000000005596073,0.00000000000001865281,-0.00000000000006532074,0.00000000000000860041,-0.00000000000000876100,-0.00000000000004151684,0.00000000000007626774,-0.00000000000008276092,0.00000000000002523232,0.00000000000005704940,0.00000000000006933244,0.00000000000012152745,-0.00000000000010730456,-0.00000000000000686933,-0.00000000000011774062,0.00000000000002735744,-0.00000000000019299773,0.00000000000007682479,-0.00000000000000843769,0.00000000000000756339,-0.00000000000000107853,-0.00000000000000380887,-0.00000000000001104157,0.00000000000003132362,0.00000000000007412583,-0.00000000000008673894,-0.00000000000008243737,0.00000000000006000230,0.00000000000000030086,0.00000000000005530369,44.66970518449488025681,0.00000000000001618150,-0.00000000000006800132,-0.00000000000000695222,0.00000000000006985887,-0.00000000000005859270,0.00000000000004197752,0.00000000000024355010,-0.00000000000034464207,-0.00000000000026381718,-0.00000000000024383980,0.00000000000034069574,0.00000000000004550713,-0.00000000000008252253,0.00000000000000605722,-0.00000000000000708363,-0.00000000000004576035,0.00000000000007092096,0.00000000000001640084,0.00000000000003280712,0.00000000000010790087,-0.00000000000002878815,-0.00000000000000760096,0.00000000000000460862,-0.00000000000000122314,0.00000000000000010823
-0.00000000000000000048,0.00000000000000129272,0.00000000000000190882,-0.00000000000000028572,-0.00000000000000027256,0.00000000000000014531,-0.00000000000000656968,0.00000000000000172861,-0.00000000000001047919,0.00000000000000748697,-0.00000000000000137650,-0.00000000000001506746,0.00000000000001828153,-0.00000000000002035781,0.00000000000000717816,0.00000000000000601857,0.00000000000001601672,0.00000000000002847700,-0.00000000000001879045,-0.00000000000000227917,-0.00000000000002068991,0.00000000000000444312,-0.00000000000004241509,0.00000000000001928470,-0.00000000000001423514,0.00000000000000079477,0.00000000000000070947,0.00000000000000317462,-0.00000000000000235236,0.00000000000000114603,0.00000000000001671313,-0.00000000000001815896,-0.00000000000001971586,0.00000000000000444621,0.00000000000000336853,0.00000000000001306651,0.00000000000001618150,44.66970518449083726864,-0.00000000000002003641,-0.00000000000000560083,0.00000000000000768627,-0.00000000000000736904,0.00000000000000449468,0.00000000000004338557,-0.00000000000007280793,-0.00000000000002612842,-0.00000000000004277198,0.00000000000006962617,0.00000000000000291556,-0.00000000000001153438,0.00000000000000385853,-0.00000000000000171798,-0.00000000000000579730,0.00000000000001214231,0.00000000000000174452,0.00000000000000321564,0.00000000000002040621,-0.00000000000000142460,-0.00000000000000284065,0.00000000000000097148,-0.00000000000000041534,0.00000000000000023826
-0.01302277411025487205,-0.42699944794784894242,-0.00285596015885310455,-0.00195418718567507170,0.00396641078251717179,0.00202217773686573466,-0.13749720224276248959,0.21892177305568027990,0.13098762963968435535,-0.27887345140131347687,-0.01792001354441966413,0.08148135432821392021,-0.20001642920350518051,0.11114922203857344196,0.12772769560540256362,0.11895333269082963845,0.05342290948860074773,0.01473554979092763818,0.00451824572329360529,0.01762186461537621276,0.07205884593655555170,0.01517517638810121292,0.06713255522463172642,-0.06205375890742520495,0.00000000000000801222,-0.00000000000015186574,0.04549017336643700754,-0.01069903591414113168,-0.00035914787364987703,0.08573047359494509467,0.00037843143578750725,-0.00869640698488648514,0.02818855134115268515,0.00841349837569200197,0.02117722488175411213,0.00382155157988833555,-0.00000000000006800132,-0.00000000000002003641,0.29206903569761166750,0.01012866236786784911,-0.09927440168917857355,-0.02905269345107715576,0.04818941535246580588,-0.07476194326626979525,-0.02900310263540817682,0.06089488508499302233,0.13498063608305108096,-0.03116305818632213870,0.04694616779079881924,-0.00833681047006660028,-0.10911786280067937993,0.02652750905068871484,-0.02006370834611971576,0.01426376377845442987,0.00874031349231494878,0.04118530479917639764,0.02458582200600168549,0.05294074007134571408,0.02560030517684083393,0.01104330400961289586,0.01857266192944955277,-0.00058617029240099188
0.01177418950011165956,-0.35126312797384484643,0.00372254172071541075,0.00116362308662664956,-0.00157726540555011585,-0.00089107658144860690,0.04898065041913934187,-0.11271793186389646169,-0.07276401375469987443,0.04311817566912881650,0.03941710957938478199,-0.05121950383234439436,0.19779355112163229946,-0.12283248540064969911,-0.16821867555119640603,-0.03272214856100730263,-0.01555354110463123482,0.24734901068277412306,-0.01569098838340567126,0.03562786781651536283,0.19100817357500493587,-0.02928863089908765455,0.00986529966936661173,0.07683966788667971615,0.00000000000000122023,-0.00000000000002758859,-0.00069686502435398960,0.02993136141807242745,0.05992908641573186507,-0.00001453593460708684,-0.01551137534056554364,-0.06150601816331582872,0.11014775244909519314,0.03078954318162674397,0.05326689510852267856,-0.07087848419879468065,-0.00000000000000695222,-0.00000000000000560083,0.01012866236786784911,0.23972421454269982055,0.19710007589306360876,0.12686981837493471748,0.00349354640286467753,0.01748991974639531669,0.00483628650580372136,0.00449508472995428787,0.03314933305886266085,-0.00952483955141282881,-0.00038926443425397366,-0.00058316207963344602,-0.00533927268246928155,0.00453196530961288979,0.00938379671890545754,-0.01793021978216550322,-0.01080072249060404048,0.01317718490646713203,0.02608482267564903728,0.03360116730508054539,0.01239644940992746212,-0.00174999655666360863,0.01705819566427745418,0.00185188006595901514
0.01409100712103225281,-0.41841643676121953455,-0.00122010343659216796,0.00106989955893199967,-0.00079084661720713306,-0.00173958876683087530,0.18304618117821436218,-0.11564791420624945251,-0.19648791056950923317,-0.17577944560706926236,0.10428927427985894283,-0.17685659056278837942,0.33366150334742505912,-0.16853673187120984944,-0.33656052820156756589,-0.08033579093295592499,-0.04711078190421934264,0.13950454081045021715,-0.05848709602863955137,0.01527536956757233159,0.08956115747982952568,0.00925928880147138325,-0.03950503616129687201,0.06217203550586593991,-0.00000000000000095913,0.00000000000015211570,-0.07935402467658299319,0.05086917460841981764,0.03291997160681649909,-0.02028381595119258321,0.00489571194339116170,0.03750550040281663139,0.02884324814901654405,-0.01729075901059574580,-0.02290949697158272194,0.01116329699690898555,0.00000000000006985887,0.00000000000000768627,-0.09927440168917857355,0.19710007589306360876,0.35475136043249849704,0.14102625638662139029,-0.08416370514583847162,0.01981405767175050889,0.03143948653778368130,-0.02752446401020162969,-0.07564578895991218299,0.00434862158439228413,-0.01046313470921311599,-0.01495193582292035119,0.06436154652204829907,-0.01050529114123706365,0.02927525766250350589,-0.00956656233319152366,-0.01165344423262947363,-0.01485972689608536061,0.01923097748337774734,-0.02506136861233372592,0.00203062292441586910,0.00382741329718302905,0.02031994687456425627,0.00052348891400327098
0.01620355861800394301,-0.15618565732019687453,-0.00092550816750812848,0.00281472641214016231,-0.00357473449552148234,-0.00045681791919793477,-0.04333903979111099897,-0.00659051051085118682,-0.08072621676306666882,-0.05238760642571066439,0.03988479029389822156,0.06068940646985507975,-0.00772873030783313188,-0.03056809881630926859,0.00035316810022203738,-0.07527864919519082487,-0.01346910556038719356,0.30172331460361351274,-0.01736257883526387200,-0.07004867969499539715,0.09528745224043931594,-0.13880057178607485557,-0.06540319474724354265,0.02117721391109641041,0.00000000000000503929,-0.00000000000014642122,0.01849227463246793518,-0.00239998034309901048,-0.02723270094041516445,0.00055158180808103524,-0.02726973041263329803,0.05897487903786211016,-0.00042733296149942321,-0.02253591624455169792,-0.02059244777838635868,-0.00913929213765874576,-0.00000000000005859270,-0.00000000000000736904,-0.02905269345107715576,0.12686981837493471748,0.14102625638662139029,0.38048196017853175288,-0.21615890974496379529,0.00453291303177935298,0.01095884893932316112,-0.02484336410084498487,-0.08056779518602084911,0.01388982524937117796,0.01408665262899394532,0.02092198896296172325,0.08458331129413981797,0.02372515418492160411,0.01573510115499655859,-0.04274374324661459057,-0.01398614941872234479,-0.01452034888336339001,-0.01885998921204079873,-0.08778768597207933788,0.00635185503058391301,0.01639182122232486771,0.02220044586467784589,0.00142876972848743930
0.00182218439342561969,0.21292135951670435046,0.00595980282333391682,-0.00240618663638122966,0.00157218466095026795,-0.00091428985736327379,-0.05055015904278804817,-0.02273920062170492126,0.00526518367652096565,0.12468371877821930738,-0.04712833043163312113,0.00073292010445939585,-0.02217612369052746057,-0.03868791388962763977,-0.06131559658956555608,0.09142981954911717779,-0.01335412303175174085,-0.04840813571875336035,0.04819285751223097158,0.13453506480685573088,0.03330823800771097465,-0.00239548363354729526,0.04861020849191766829,0.08559409736688226855,-0.00000000000000226085,0.00000000000010649511,0.05282861787145241850,-0.02420112299122497215,0.03537543885334020616,0.02217115260290509690,-0.01403412646435214101,-0.09068777016580452377,0.07087083906644964237,0.04261151022510720893,0.06345639350460646755,-0.04123270925020335043,0.00000000000004197752,0.00000000000000449468,0.04818941535246580588,0.00349354640286467753,-0.08416370514583847162,-0.21615890974496379529,0.28498806958037775638,0.00158767318942592628,-0.05209683328837624167,0.04585260611125063779,0.16077203266238646040,-0.01488307290681423201,0.01745806209389849997,-0.03582762159286811965,-0.07589794481980231822,-0.00195392123511368325,-0.01524078371023612072,0.02092600713047749680,0.00064571889287625534,0.03593440990642916139,0.03293395666912921071,0.10201534037432838375,0.00251668457955167568,-0.01158230402701361517,-0.01572721417396276064,-0.00023494394780756861
-0.00817712727526625181,0.12394003609686835010,0.01028946174261206360,0.00023060867115993000,-0.00053269674321215527,0.00050027896071991144,0.05281097287136150842,-0.07728303758043715554,-0.09560295894400780425,0.12584095322308253007,-0.07234265977604126263,-0.07391097717992087257,-0.02248758962643473275,-0.05988161843068402074,-0.09149465757276821487,-0.02142836606678722236,-0.12685977193778755212,-0.03102259132400533859,0.00269832037568937949,0.00543861274850090254,-0.13476491701629686459,-0.02288262080219813366,-0.04099006543347411685,-0.01434967291484742433,0.00000000000001159049,0.00000000000062868241,-0.02506495800337558977,0.01007816539785759934,0.02079848278422588917,-0.02305468692270032718,-0.00689155153118595643,-0.03215438490345353534,-0.00270064036956671125,0.01091926091769497911,0.00723931616193396014,-0.01940879135672234426,0.00000000000024355010,0.00000000000004338557,-0.07476194326626979525,0.01748991974639531669,0.01981405767175050889,0.00453291303177935298,0.00158767318942592628,13.85333339542599162542,-9.60191943001043490824,4.43105009060722654368,-13.78791853748330531459,9.73152685835918873636,-0.01491647797314249457,-0.00635002658003848072,0.03077965850697339523,-0.01026614949525055283,0.00374456248695637182,0.01317579143437920715,-0.00176635928692598656,-0.02667033120270635022,0.00231011961144723683,0.01106296743408923498,-0.01152755750765838139,0.00230212811513804891,0.00159608531100438166,-0.00453387867014435307
-0.00390003875872568838,0.44021802026888551262,0.00831573906551235156,0.00078502918045276939,0.00545454493933181933,-0.00159903658156201650,-0.06041787989405045939,-0.03259810403210727098,-0.01018156921557714090,0.16579489302114935878,-0.06173533147102744367,0.02018442620107856536,-0.06566592233662811584,0.04699814337686758492,0.07202731317999493121,-0.03212987173415348535,-0.04020812123189988763,0.16295101051106802847,0.00127341607294759792,0.04130479064149634311,0.07172386112450386542,0.03161091893700509331,0.04271758473617208451,0.01636123008885601721,-0.00000000000002030218,-0.00000000000088114310,-0.06493782094538190497,0.00492977385810892694,-0.05275820648511227173,-0.01236481819704881614,-0.02125497112286422324,0.11679306296352806593,-0.10617021717280138160,-0.04918433915324985778,-0.06367258886857961320,0.09329733011125024289,-0.00000000000034464207,-0.00000000000007280793,-0.02900310263540817682,0.00483628650580372136,0.03143948653778368130,0.01095884893932316112,-0.05209683328837624167,-9.60191943001043490824,11.40485701968792930927,5.13327934543587360849,9.24134412305600427828,-11.20411890309694236123,-0.02278759139814627577,0.00924477136161409169,0.06483039224628256436,-0.00177010349997969922,0.00398089944812276761,0.00036546009406683257,-0.00365419501568850719,-0.02737086844649416414,-0.01690535320054801019,-0.01530838322968008404,-0.01105088634234438656,-0.00556087027026435678,-0.01095066264320914903,-0.00284030556607373346
0.00193153985301026954,-0.11474386025935294497,-0.00651311576830984965,-0.00061054098037349855,-0.00029645758959258783,0.00096405662013537830,-0.03372796046409966275,0.04347874917094630975,0.05483085967591146137,-0.06753865914042254948,0.06356488047078893977,0.09116363786567163729,-0.00207672625247292677,0.01406842664807053493,0.05422114742023743245,0.00650764486585818196,0.05567644672299988662,-0.04743543817520566586,0.01100749676907441382,-0.00926175495100727345,0.00810311214679752985,0.00067099152436674535,0.00970587423931653336,-0.01170658827337443808,-0.00000000000004201073,-0.00000000000063873300,0.01827156838381492968,-0.02226049429757501891,-0.01674011765912260599,0.01823852227986826752,-0.00110961296999623183,0.01952553441158756328,-0.00895527350090322138,-0.00769373225860143714,-0.00897534482773719965,0.02369840289561119320,-0.00000000000026381718,-0.00000000000002612842,0.06089488508499302233,0.00449508472995428787,-0.02752446401020162969,-0.02484336410084498487,0.04585260611125063779,4.43105009060722654368,5.13327934543587360849,42.14235709315429545541,-4.81240824747067641454,-5.24007786313454815286,0.00626263037246267435,-0.00197377227550441393,-0.03044841711464825462,0.00476785993487160737,-0.00226676452571982975,-0.00426435616237833860,-0.00114178410030281300,0.01778906556158930605,0.00558749997151679074,0.01027100991174646240,0.00767801216461167207,-0.00251522344989376853,0.00119571884207559059,0.00165039546755040532
-0.00113852440807759529,-0.30138805213677061223,-0.01251643213399291667,-0.00186325740876528909,-0.00207510121014880134,0.00394597235036429645,-0.05711511188100762415,0.07254170562865266958,0.09284302935746217844,-0.11598287861225123341,0.14918300375983284400,0.23294063478563614700,-0.02534554998242037616,-0.01534130806128704803,0.08701769270373041487,0.00287300459590567785,0.06572657913872868851,-0.20575885498814860952,0.03779375845411853813,-0.02839496956430469926,-0.11420259481455348471,-0.02166330758830815537,-0.01126534207363997717,-0.05528205249809563238,-0.00000000000000850204,-0.00000000000063498142,0.04149394540112035651,-0.06597376294687297416,-0.03159174286193267706,0.03935915251410733451,-0.01010155208717511584,0.02521431584213773211,-0.02371796452107811232,-0.01137157183998011890,-0.01804470109616956169,0.05325896603096658827,-0.00000000000024383980,-0.00000000000004277198,0.13498063608305108096,0.03314933305886266085,-0.07564578895991218299,-0.08056779518602084911,0.16077203266238646040,-13.78791853748330531459,9.24134412305600427828,-4.81240824747067641454,14.06917848513141322542,-9.48958025376440161835,0.00751730726383397201,-0.01361377337356790666,-0.07789838815980094922,0.00569262968871790936,-0.00385642431672346062,-0.00178291598640086630,-0.00569120127879557940,0.03559200045788835087,0.02278626592414342497,0.04742961837159815480,0.01540673644297635599,-0.00599151819651366855,0.00633264627181114384,0.00168300779759940062
0.00131200429108078867,-0.17853333750930350243,-0.00003223818202873996,0.00024510810363156141,-0.00324352818585847778,0.00007519580705858907,0.05651113025072762586,-0.03562804780518323555,-0.04415736645249109665,-0.00665971649377701622,-0.00784194955449610612,-0.10975025416285956459,0.02719453129539440087,-0.04896239400742413705,-0.10106978581889389246,0.02365526965413716765,-0.00835872729303791841,-0.04443111070380184602,-0.02214235694280430183,-0.01206484316629299891,-0.04597452522598382413,-0.01057020288774221904,-0.03030333015304296704,-0.00194207105737542740,0.00000000000001363943,0.00000000000087364314,0.02315749177892704319,0.01325750739039971426,0.04905557727051806233,-0.00595276941800454169,0.01730091043275197235,-0.08346185508228434746,0.07862286359030795646,0.03409795639889309088,0.04261985164565926243,-0.07906096830249663421,0.00000000000034069574,0.00000000000006962617,-0.03116305818632213870,-0.00952483955141282881,0.00434862158439228413,0.01388982524937117796,-0.01488307290681423201,9.73152685835918873636,-11.20411890309694236123,-5.24007786313454815286,-9.48958025376440161835,11.20548311924037854226,0.00949844512031452169,0.00134892495556696718,-0.02524906870780438406,-0.00550935928928104716,-0.00045910291309588121,-0.00030788712500217703,0.00634536462844449440,-0.00183253038021941690,0.00696483380919822766,0.00322345303567384174,-0.00014857338464843714,0.00616538108286663559,0.00799891746630978541,0.00171512012895319696
-0.01346050527254296671,0.12757006827599629006,0.00177797970194771920,-0.00028295056388994306,0.00191493861859589774,0.00022481440768541314,0.15481212797781562784,0.03340135558811304500,-0.03022212254344285032,0.03318948981673447429,-0.09079695866721351760,-0.09234863970350645768,0.00082315970831845972,0.00018531671140895216,0.03713488594984221125,0.02887554743047288097,0.01514640734078162923,0.07287657444414469277,0.01035468382304499148,-0.01442601890008510072,0.04263255473834607484,-0.00733264268489699795,0.02200487292861212640,-0.00825071340674103822,0.00000000000000646504,0.00000000000011676570,-0.00304562914907907699,0.00911338408508397153,-0.01748126446375391010,0.01742273460322004558,0.00551463247244890400,0.03809653504851844702,-0.02705225826793022231,-0.02126270006900467247,-0.03859858084249697535,0.02840337201775546688,0.00000000000004550713,0.00000000000000291556,0.04694616779079881924,-0.00038926443425397366,-0.01046313470921311599,0.01408665262899394532,0.01745806209389849997,-0.01491647797314249457,-0.02278759139814627577,0.00626263037246267435,0.00751730726383397201,0.00949844512031452169,0.14135851103557517394,-0.02986232820352126976,0.01579979341160731715,0.02455188154042180562,-0.03522025026501851563,-0.01089029103909146430,0.01134567979914924592,0.09302384651924153203,-0.01577337177677269262,-0.04816926291529514959,0.02453543714069889026,-0.01874886167748192681,0.00281002210953370905,0.01004975372276531095
0.00640693889786860329,0.18921887025965081208,-0.00095463230004639091,-0.00091666324060936735,0.00164739764119753961,-0.00281845449353313729,0.15895988252802506491,0.01375846571557014751,-0.06714325789630254393,-0.05567721929824580307,0.00854972444436590852,-0.02677299458155668263,0.10423918702510628909,-0.00355141875997669982,-0.09852731705642453486,-0.03531279265228363939,0.00999816811376519864,-0.04835476755460441783,0.03836766370352934219,0.00845680852544129259,-0.03655686179926657953,0.04705983270985358152,0.01221849236623586896,-0.02681351558340680855,0.00000000000000719301,-0.00000000000019527155,-0.01451446576518922518,0.01648591021809378901,-0.00972880979535631178,-0.03019509355941757747,-0.01497898461654358256,-0.03113437636303309150,-0.03532051984096457042,0.00930910398184921738,-0.00002591847314133253,0.01823997671399851805,-0.00000000000008252253,-0.00000000000001153438,-0.00833681047006660028,-0.00058316207963344602,-0.01495193582292035119,0.02092198896296172325,-0.03582762159286811965,-0.00635002658003848072,0.00924477136161409169,-0.00197377227550441393,-0.01361377337356790666,0.00134892495556696718,-0.02986232820352126976,0.21482198542619981851,0.06567899580316920172,0.01273009240827012445,0.01392715642190668623,-0.05144697590545356525,-0.01137601041609159411,-0.00357657005229407863,-0.00193628832820963936,-0.04085591963276117428,-0.00839011560346353269,0.01466345986465722624,0.01684257365358662537,-0.00138216435791615609
-0.02054621565148159051,0.27889683790851776957,-0.00062853096202035821,0.00070573008339161914,0.00811716613153575829,-0.00217673354884870621,0.19007409825251950219,-0.06618097151710579384,-0.27780081853461707775,0.35936823401591971860,-0.00860370426136740363,-0.20778397671235462885,-0.02565046822177702648,-0.08718126158485092758,-0.12620920986184300250,-0.07493404863205707644,0.00845888895603043311,-0.02420635896990811983,0.02130276592389949292,-0.00451177443385485880,-0.12262559090267823037,0.02173141330359679504,-0.03474435550282209406,-0.04993351476599405120,0.00000000000000148140,0.00000000000001691470,-0.06479854263807338643,0.01462042398517947317,-0.03005519380503600055,-0.02594800958094419310,0.00575699978451714271,-0.00080423578085745231,-0.12233644498902233877,-0.03006678200231800019,-0.11263436347931729542,0.10722339562841268212,0.00000000000000605722,0.00000000000000385853,-0.10911786280067937993,-0.00533927268246928155,0.06436154652204829907,0.08458331129413981797,-0.07589794481980231822,0.03077965850697339523,0.06483039224628256436,-0.03044841711464825462,-0.07789838815980094922,-0.02524906870780438406,0.01579979341160731715,0.06567899580316920172,0.41280060512007049622,0.00684327726471276650,0.04541851475291076162,-0.01718354787904153441,-0.02724874461368441067,0.02396173611783378177,-0.10541849305844339102,-0.15594796825104800808,-0.00507044724429607952,-0.04114477328158456376,-0.00862763727184526555,0.02120195498546497206
-0.00306398661247589627,-0.03596922064073763275,0.00016159833018687133,-0.00031745342043911634,0.00125705184517127273,-0.00005910430811907892,0.03583692788181520872,0.01943084204350190719,0.00374285674560162094,-0.08212924494987622337,0.00054221926968637960,0.02134468270855304980,0.05747687384561472185,0.00605952428125186484,0.01723739383141459011,-0.00162001719570617378,0.01807722298186725460,0.04786780552735826755,-0.00163176475472313984,-0.02083939950017290113,0.01815443702959489147,-0.01483183376197096982,-0.00242265872741732674,-0.01465385278725286552,0.00000000000000250445,-0.00000000000001291484,-0.00015247795331314708,0.00501615336159482589,-0.01082628480662689227,0.00448235967416407352,-0.00558429493785226640,0.01511967618312430421,-0.01316598647562409845,-0.00507657151766430833,-0.00380743605092706680,0.01069086457482549407,-0.00000000000000708363,-0.00000000000000171798,0.02652750905068871484,0.00453196530961288979,-0.01050529114123706365,0.02372515418492160411,-0.00195392123511368325,-0.01026614949525055283,-0.00177010349997969922,0.00476785993487160737,0.00569262968871790936,-0.00550935928928104716,0.02455188154042180562,0.01273009240827012445,0.00684327726471276650,0.01725880931221780712,-0.00828839277555844939,-0.00828484468301774434,-0.00104191237288384433,0.02546561697295988622,0.00599756868673308966,0.00608113452478784705,0.00476345410244553673,-0.00173267111605534033,0.00163085102433460096,-0.00082647945291100761
0.00316112671105405569,-0.16001743528767359281,-0.00095193397619208655,0.00054415121996357393,-0.00057514167699061064,0.00052734570370747340,-0.01251572571921511466,0.03346772893769942026,-0.00392844426453277558,0.02974966608250373401,-0.06310035039535422108,-0.00919349103727837985,-0.02015816785942615291,-0.03502160423235600728,-0.01348974409342939759,-0.03472307801834623869,-0.00999935631536830009,0.01171183032625735566,-0.01458264772895264544,0.00407382200756144577,-0.03232767055723992367,0.01071550109566517424,-0.04454991033183659799,0.01599002454633431658,-0.00000000000000041861,-0.00000000000010163652,-0.00753269713796739324,0.01449365263182850888,0.00023159799413329863,-0.01282759591932963912,0.00297519946358593308,0.00105749573292423485,0.00168921392075663821,-0.00011063853656912170,0.00066612412661587028,0.00720899839154339611,-0.00000000000004576035,-0.00000000000000579730,-0.02006370834611971576,0.00938379671890545754,0.02927525766250350589,0.01573510115499655859,-0.01524078371023612072,0.00374456248695637182,0.00398089944812276761,-0.00226676452571982975,-0.00385642431672346062,-0.00045910291309588121,-0.03522025026501851563,0.01392715642190668623,0.04541851475291076162,-0.00828839277555844939,0.05722689167068580746,-0.01600613214892580502,-0.00818646594990881521,-0.03173199835743645975,-0.02594804000803613633,-0.00051471345196011059,-0.00224649367566934341,-0.00898363663374468144,0.00507677880797482127,0.00333701128098348818
-0.00833432674202068575,0.07457296293339719939,0.00124216609427709877,-0.00060600170490863754,0.00220136325141823260,0.00053956199774130270,-0.03447327212171572702,-0.02407780564602577875,-0.01514054501566655317,-0.02970642417552315714,0.04115565882632392369,0.03065513707416167230,-0.02522272347922009661,0.01245487855519053846,0.01509458119622679798,0.02865963959362705094,-0.01483490519113181590,-0.02773863697418324503,0.00430047919559664159,-0.00148100770656099429,0.00248751666028169125,-0.01095126673182425688,0.02184514528312127279,-0.00727765305376613762,0.00000000000000036622,0.00000000000015846363,-0.00984400505473439352,-0.01112500692292776698,-0.00325611028941197008,0.00691862104775026621,0.00659334820820781445,0.00191589682175443885,-0.01174396858923991253,-0.00399089827243278433,-0.01274488348438051859,0.01463194754604575307,0.00000000000007092096,0.00000000000001214231,0.01426376377845442987,-0.01793021978216550322,-0.00956656233319152366,-0.04274374324661459057,0.02092600713047749680,0.01317579143437920715,0.00036546009406683257,-0.00426435616237833860,-0.00178291598640086630,-0.00030788712500217703,-0.01089029103909146430,-0.05144697590545356525,-0.01718354787904153441,-0.00828484468301774434,-0.01600613214892580502,0.07776272230125323703,0.00395013459501889017,-0.00380968437963179630,0.04118121396840027093,0.03084391948315715754,-0.00712472753048031503,-0.00123791646151362499,0.00999952749127456901,-0.00185530147345848960
-0.00715054170257538660,-0.17404612144137468488,-0.00108349475145210405,-0.00040602165770657839,0.00111369671479427256,0.00026460028564216165,0.01671487355226546415,-0.01337930189973125447,0.03658540412539709047,-0.06435556488524665775,0.00300048791656903164,-0.00272679843589445454,0.05696709658453500552,0.01193940107571512220,0.02652217046187313812,0.00902604276717378085,-0.02211490024724097406,0.01107187307012705117,-0.00408435520037437379,-0.00446646529350956754,0.00981666082359870795,0.00545205978445441157,0.02664116448381500038,0.00656059576600272719,0.00000000000000120431,0.00000000000003761274,0.00286298427017813318,0.00184858949311641368,0.00881928725321962093,0.00230151231328833876,0.00035558538860956109,-0.01086740010647152532,0.01268143910775183444,0.00562603082828016122,0.00989361087396625934,-0.01318616266588619468,0.00000000000001640084,0.00000000000000174452,0.00874031349231494878,-0.01080072249060404048,-0.01165344423262947363,-0.01398614941872234479,0.00064571889287625534,-0.00176635928692598656,-0.00365419501568850719,-0.00114178410030281300,-0.00569120127879557940,0.00634536462844449440,0.01134567979914924592,-0.01137601041609159411,-0.02724874461368441067,-0.00104191237288384433,-0.00818646594990881521,0.00395013459501889017,0.02359486960918796492,0.00476517458281715701,0.00202841417363195786,-0.00313345032276444784,0.00020941748322271745,-0.00114220981710487675,-0.00109261676830371213,-0.00026855181905469929
-0.01563435903296392024,0.15460086370888581619,-0.00129893095329874485,-0.00092433407434357217,0.00333966999698787417,-0.00010164457823608443,0.06137311491589581697,0.03693584184057270570,0.03291325537306103582,0.02754140102595309392,0.07680840590059734296,-0.03942735044930111704,-0.11608774871301605347,0.07302782037131248793,-0.02469627530972587012,0.02257700774354905876,0.03109898307245648197,0.04672418267979581985,-0.00044892535130146847,0.02090043228472886899,0.07459632584210880435,-0.02628335384677532582,0.02911836211803851826,0.02014175135123593210,0.00000000000000567732,0.00000000000008293708,-0.00551755632503291276,0.02407761379756798853,-0.00082478092343281394,0.01855377511318485884,0.00597521106421582734,0.01449268175733987342,-0.02218038949570604393,-0.00570038483411453890,-0.00693083338346197914,0.01223331352359241508,0.00000000000003280712,0.00000000000000321564,0.04118530479917639764,0.01317718490646713203,-0.01485972689608536061,-0.01452034888336339001,0.03593440990642916139,-0.02667033120270635022,-0.02737086844649416414,0.01778906556158930605,0.03559200045788835087,-0.00183253038021941690,0.09302384651924153203,-0.00357657005229407863,0.02396173611783378177,0.02546561697295988622,-0.03173199835743645975,-0.00380968437963179630,0.00476517458281715701,0.14980126591950371218,0.02247458271489303008,0.02877989584874894591,0.02352271175351417290,-0.03166544336956239603,0.00638722602140749923,0.01524204715259416983
-0.00388770740535651768,-0.40774008041279119485,0.00383752621228048742,-0.00101498281148429924,0.00162752719956207989,0.00028114402242754673,-0.09363855932778014646,0.12885632438469557526,0.04418090478217650413,-0.06096543321473656823,0.01031504177926739589,0.09900658954884793139,0.02474073240356156403,-0.01153006766395063554,0.01836638447062509741,0.01195699514417082610,-0.00854192115365725625,0.01083895650227127867,-0.03460012762983811357,0.02400780809617384173,0.06268663516113469336,-0.03405140822878306023,0.00319916490323120858,0.02390514853466470940,0.00000000000000109958,0.00000000000024375600,-0.02365658234513759797,-0.01155295171631308578,-0.01736301407889521975,0.01488702146368420590,0.00299582244142533767,0.06173563255583775639,-0.02720828686694237372,-0.02252803181261812948,-0.01952744909052733790,0.00778249969695508480,0.00000000000010790087,0.00000000000002040621,0.02458582200600168549,0.02608482267564903728,0.01923097748337774734,-0.01885998921204079873,0.03293395666912921071,0.00231011961144723683,-0.01690535320054801019,0.00558749997151679074,0.02278626592414342497,0.00696483380919822766,-0.01577337177677269262,-0.00193628832820963936,-0.10541849305844339102,0.00599756868673308966,-0.02594804000803613633,0.04118121396840027093,0.00202841417363195786,0.02247458271489303008,0.20329466652951588834,0.13808129769996180247,-0.01775000026059567887,0.00986060954266925957,0.00386177412595819190,-0.00212852098853502474
-0.01261238868884790622,-0.39674061341527194768,0.00094689657462481813,-0.00180390380663934444,0.00768554679415434615,-0.00016625731597287526,-0.15588123330241110409,-0.05034147935009517655,-0.00739551689336378701,-0.13695866864927039308,0.15932327648745914228,0.08444099950542613420,0.05669000607205620934,0.02155032394653919048,-0.03140763819113446403,0.01408309273485095978,0.14692202397589884666,0.07904250434991733076,-0.04769149073768910035,0.00543834329987735645,0.08706993201856254305,0.00374509824476594502,-0.04690090228866037464,0.01538273945763525899,-0.00000000000000545788,-0.00000000000006493960,-0.01310377010880431001,0.00745492260237316188,0.02798964182760185423,-0.01480226680640378024,-0.03131431009976166913,-0.04375567291247010882,0.06527077407981453361,0.03470122741631968821,0.08060440744457247897,-0.03964353184505677030,-0.00000000000002878815,-0.00000000000000142460,0.05294074007134571408,0.03360116730508054539,-0.02506136861233372592,-0.08778768597207933788,0.10201534037432838375,0.01106296743408923498,-0.01530838322968008404,0.01027100991174646240,0.04742961837159815480,0.00322345303567384174,-0.04816926291529514959,-0.04085591963276117428,-0.15594796825104800808,0.00608113452478784705,-0.00051471345196011059,0.03084391948315715754,-0.00313345032276444784,0.02877989584874894591,0.13808129769996180247,0.33879152138199991606,-0.01236552503371156700,-0.02231322286647824393,-0.02174248199434025697,0.00804345289706290441
0.00114399126422016400,-0.06797860555150153639,-0.00134558274530993086,0.00031994815543591790,-0.00087102130665800740,0.00040433112379465835,-0.00191481423351370526,0.03226274634007703090,0.00796189409858020190,-0.09677843958773307831,-0.01187291784383129843,-0.07320915293722858597,0.02543628371317056824,0.01559656939536518960,-0.00812097674943777596,-0.00764731063424546609,0.03069630624651814230,0.01910571292105412572,-0.00161452160625451106,0.00446257676974055016,0.01450644294624254572,-0.01393378878656332219,0.01511319571987836292,-0.01526248060874851528,0.00000000000000271484,-0.00000000000001354362,0.01585001566103666493,0.01237122240898480031,0.02231417583514597527,0.00884331866635851456,-0.00183217766222604542,-0.02444395213174797160,0.04316328505548144845,0.01802796419767284039,0.04155186993740207085,-0.03862202991170260447,-0.00000000000000760096,-0.00000000000000284065,0.02560030517684083393,0.01239644940992746212,0.00203062292441586910,0.00635185503058391301,0.00251668457955167568,-0.01152755750765838139,-0.01105088634234438656,0.00767801216461167207,0.01540673644297635599,-0.00014857338464843714,0.02453543714069889026,-0.00839011560346353269,-0.00507044724429607952,0.00476345410244553673,-0.00224649367566934341,-0.00712472753048031503,0.00020941748322271745,0.02352271175351417290,-0.01775000026059567887,-0.01236552503371156700,0.02184997737595242850,-0.00809390044878875031,0.00578403479392452981,0.00331986637937161906
0.00741295530065316354,-0.03624455636832023264,0.00074807424724392341,-0.00033569221982626836,-0.00246985897053481019,-0.00030519136330303594,-0.03089299697520540497,-0.01315327456324383304,-0.02120116229708935915,-0.05301926015501050998,0.01813620902814515323,0.04899172941693291650,0.01066744020909124804,0.00551971928057613890,-0.02881565226486294470,-0.00007427004005267073,-0.03626721101623044119,-0.01459273077340726352,0.00160537114134500013,0.01140716069259136052,-0.01443204312969799397,-0.02376333797182707264,0.00063501693608270958,0.00503176069212434973,-0.00000000000000069198,0.00000000000001236641,0.00793315611381694569,-0.00426294716734821558,-0.01296401618971164231,-0.00516737011952298451,-0.01277865922772870692,0.00558784252267945265,-0.00420802663320232317,-0.00299545705634580170,-0.00521429692154111446,0.00251014441519812909,0.00000000000000460862,0.00000000000000097148,0.01104330400961289586,-0.00174999655666360863,0.00382741329718302905,0.01639182122232486771,-0.01158230402701361517,0.00230212811513804891,-0.00556087027026435678,-0.00251522344989376853,-0.00599151819651366855,0.00616538108286663559,-0.01874886167748192681,0.01466345986465722624,-0.04114477328158456376,-0.00173267111605534033,-0.00898363663374468144,-0.00123791646151362499,-0.00114220981710487675,-0.03166544336956239603,0.00986060954266925957,-0.02231322286647824393,-0.00809390044878875031,0.04582119347935986048,0.02302100972341549617,-0.00710012255136289495
-0.00309655577906957748,0.03823886207175831997,0.00026554838514217228,-0.00017913298061093938,-0.00273137785151830997,0.00159922807273327064,0.02316230566548396763,0.01009295965833490946,-0.00568536311343948754,-0.05019128607744562792,-0.00525322417702847599,-0.00484684841485220810,-0.01590784526381632674,0.01963506836474041353,-0.01232792519985644042,-0.02668696574722121892,0.00147990430933491856,-0.00931269448889272128,0.00615777937472164385,-0.00805144034391679086,-0.00444045813301289626,-0.02147961425496221557,0.00572577037845485408,-0.00729797359907723934,0.00000000000000425758,0.00000000000000225703,-0.01521819680506134378,0.00126493500339141130,-0.00946157650554674962,-0.01340200320537730111,-0.01151079108956311499,0.01947249154229221263,-0.02098874791350417018,-0.00769386701714670340,-0.00890806083932964635,0.01533755120305969541,-0.00000000000000122314,-0.00000000000000041534,0.01857266192944955277,0.01705819566427745418,0.02031994687456425627,0.02220044586467784589,-0.01572721417396276064,0.00159608531100438166,-0.01095066264320914903,0.00119571884207559059,0.00633264627181114384,0.00799891746630978541,0.00281002210953370905,0.01684257365358662537,-0.00862763727184526555,0.00163085102433460096,0.00507677880797482127,0.00999952749127456901,-0.00109261676830371213,0.00638722602140749923,0.00386177412595819190,-0.02174248199434025697,0.00578403479392452981,0.02302100972341549617,0.07236948883098381913,0.00266907604561901100
0.00026771513593014493,-0.06930162678285911593,-0.00048183281144037108,0.00029204917421289168,0.00036644430152902815,0.00002402577559898466,0.01147718795357831334,-0.01242013071511132057,-0.00958152745629182317,0.02502936855991806653,-0.01061678173617153567,-0.02026386657974241917,0.00323470373957534304,-0.00436213140169073015,-0.01241224650991383342,-0.00282729059456516066,0.01129847469476605651,0.00110598531835013236,-0.00411041925090920284,0.01291616957731054650,0.00998548414506013511,0.01154990794653111205,0.00238591042942867771,0.01339445826995538588,0.00000000000000025916,0.00000000000000152787,0.00221941011932940855,0.00084457367440719702,0.01203559252404319373,0.00851974617941755885,0.00960066216808601672,-0.01146312701327077514,0.00711129374193605543,0.00480148089410395440,0.00613377011421476284,-0.00785091498288979263,0.00000000000000010823,0.00000000000000023826,-0.00058617029240099188,0.00185188006595901514,0.00052348891400327098,0.00142876972848743930,-0.00023494394780756861,-0.00453387867014435307,-0.00284030556607373346,0.00165039546755040532,0.00168300779759940062,0.00171512012895319696,0.01004975372276531095,-0.00138216435791615609,0.02120195498546497206,-0.00082647945291100761,0.00333701128098348818,-0.00185530147345848960,-0.00026855181905469929,0.01524204715259416983,-0.00212852098853502474,0.00804345289706290441,0.00331986637937161906,-0.00710012255136289495,0.00266907604561901100,0.02221630051990306984
